season,season_start_year,total_matches,total_goals,avg_goals_per_match,avg_home_goals,avg_away_goals,avg_ht_goals,home_wins,away_wins,draws,avg_home_shots,avg_away_shots,avg_home_sot,avg_away_sot,avg_home_corners,avg_away_corners,home_win_pct,away_win_pct,draw_pct,home_advantage_index,high_scoring_matches,high_scoring_pct,comeback_wins
2015/16,2015,380,1026,2.7,1.49,1.21,1.2,157,116,107,14.3,11.4,4.6,3.9,5.9,4.9,41.3,30.5,28.2,1.35,49,12.9,17
2016/17,2016,380,1064,2.8,1.6,1.2,1.22,187,109,84,14.0,11.5,4.8,3.9,5.7,4.7,49.2,28.7,22.1,1.72,50,13.2,12
2017/18,2017,380,1018,2.68,1.53,1.15,1.12,173,108,99,13.6,10.9,4.6,3.8,5.7,4.5,45.5,28.4,26.1,1.6,58,15.3,18
2018/19,2018,380,1072,2.82,1.57,1.25,1.25,181,128,71,14.1,11.1,4.8,3.9,5.7,4.6,47.6,33.7,18.7,1.41,55,14.5,17
2019/20,2019,380,1034,2.72,1.52,1.21,1.25,172,116,92,13.3,11.4,4.6,4.0,5.8,4.9,45.3,30.5,24.2,1.48,44,11.6,22
2020/21,2020,380,1024,2.69,1.35,1.34,1.27,144,153,83,12.8,11.4,4.5,4.1,5.6,4.6,37.9,40.3,21.8,0.94,55,14.5,18
2021/22,2021,380,1071,2.82,1.51,1.31,1.27,163,129,88,13.8,11.7,4.7,4.1,5.6,4.8,42.9,33.9,23.2,1.26,64,16.8,18
2022/23,2022,380,1084,2.85,1.63,1.22,1.32,184,109,87,14.0,11.3,4.9,3.9,5.6,4.5,48.4,28.7,22.9,1.69,64,16.8,20
2023/24,2023,380,1246,3.28,1.8,1.48,1.36,175,123,82,15.4,12.2,5.4,4.4,6.1,4.7,46.1,32.4,21.6,1.42,86,22.6,24
2024/25,2024,350,1038,2.97,1.54,1.43,1.39,144,118,88,13.8,12.2,4.8,4.3,5.4,4.9,41.1,33.7,25.1,1.22,55,15.7,26
