season,season_start_year,team,matches_played,wins,draws,losses,goals_scored,goals_conceded,points,yellow_cards,red_cards,shots,shots_on_target,goal_difference,win_rate_pct,draw_rate_pct,loss_rate_pct,avg_goals_scored,avg_goals_conceded,shot_accuracy_pct,season_rank,top_4,relegated
2015/16,2015,Leicester,38,23,12,3,68,36,81,48,3,523,181,32,60.5,31.6,7.9,1.79,0.95,34.6,1,True,False
2015/16,2015,Arsenal,38,20,11,7,65,36,71,39,4,572,210,29,52.6,28.9,18.4,1.71,0.95,36.7,2,True,False
2015/16,2015,Tottenham,38,19,13,6,69,35,70,72,0,661,250,34,50.0,34.2,15.8,1.82,0.92,37.8,3,True,False
2015/16,2015,Man City,38,19,9,10,71,41,66,61,0,612,210,30,50.0,23.7,26.3,1.87,1.08,34.3,4,True,False
2015/16,2015,Man United,38,19,9,10,49,35,66,65,1,430,143,14,50.0,23.7,26.3,1.29,0.92,33.3,5,False,False
2015/16,2015,Southampton,38,18,9,11,59,41,63,57,6,519,169,18,47.4,23.7,28.9,1.55,1.08,32.6,6,False,False
2015/16,2015,West Ham,38,16,14,8,65,51,62,56,5,556,184,14,42.1,36.8,21.1,1.71,1.34,33.1,7,False,False
2015/16,2015,Liverpool,38,16,12,10,63,50,60,61,3,629,203,13,42.1,31.6,26.3,1.66,1.32,32.3,8,False,False
2015/16,2015,Stoke,38,14,9,15,41,55,51,51,4,418,130,-14,36.8,23.7,39.5,1.08,1.45,31.1,9,False,False
2015/16,2015,Chelsea,38,12,14,12,59,53,50,58,6,526,173,6,31.6,36.8,31.6,1.55,1.39,32.9,10,False,False
2015/16,2015,Everton,38,11,14,13,59,55,47,44,5,492,175,4,28.9,36.8,34.2,1.55,1.45,35.6,11,False,False
2015/16,2015,Swansea,38,12,11,15,42,52,47,62,1,442,136,-10,31.6,28.9,39.5,1.11,1.37,30.8,12,False,False
2015/16,2015,Watford,38,12,9,17,40,50,45,74,3,445,136,-10,31.6,23.7,44.7,1.05,1.32,30.6,13,False,False
2015/16,2015,West Brom,38,10,13,15,34,48,43,63,3,384,106,-14,26.3,34.2,39.5,0.89,1.26,27.6,14,False,False
2015/16,2015,Crystal Palace,38,11,9,18,39,51,42,60,1,466,152,-12,28.9,23.7,47.4,1.03,1.34,32.6,15,False,False
2015/16,2015,Bournemouth,38,11,9,18,45,67,42,52,1,463,144,-22,28.9,23.7,47.4,1.18,1.76,31.1,16,False,False
2015/16,2015,Sunderland,38,9,12,17,48,62,39,62,2,439,143,-14,23.7,31.6,44.7,1.26,1.63,32.6,17,False,False
2015/16,2015,Newcastle,38,9,10,19,44,65,37,58,5,398,152,-21,23.7,26.3,50.0,1.16,1.71,38.2,18,False,True
2015/16,2015,Norwich,38,9,7,22,39,67,34,61,3,416,126,-28,23.7,18.4,57.9,1.03,1.76,30.3,19,False,True
2015/16,2015,Aston Villa,38,3,8,27,27,76,17,75,3,378,111,-49,7.9,21.1,71.1,0.71,2.0,29.4,20,False,True
2016/17,2016,Chelsea,38,30,3,5,85,33,93,72,0,580,204,52,78.9,7.9,13.2,2.24,0.87,35.2,1,True,False
2016/17,2016,Tottenham,38,26,8,4,86,26,86,62,0,669,257,60,68.4,21.1,10.5,2.26,0.68,38.4,2,True,False
2016/17,2016,Man City,38,23,9,6,80,39,78,71,4,633,217,41,60.5,23.7,15.8,2.11,1.03,34.3,3,True,False
2016/17,2016,Liverpool,38,22,10,6,78,42,76,54,0,638,236,36,57.9,26.3,15.8,2.05,1.11,37.0,4,True,False
2016/17,2016,Arsenal,38,23,6,9,77,44,75,67,3,565,200,33,60.5,15.8,23.7,2.03,1.16,35.4,5,False,False
2016/17,2016,Man United,38,18,15,5,54,29,69,76,2,589,210,25,47.4,39.5,13.2,1.42,0.76,35.7,6,False,False
2016/17,2016,Everton,38,17,10,11,62,44,61,71,2,498,192,18,44.7,26.3,28.9,1.63,1.16,38.6,7,False,False
2016/17,2016,Southampton,38,12,10,16,41,48,46,58,2,548,179,-7,31.6,26.3,42.1,1.08,1.26,32.7,8,False,False
2016/17,2016,Bournemouth,38,12,10,16,55,67,46,51,3,446,160,-12,31.6,26.3,42.1,1.45,1.76,35.9,9,False,False
2016/17,2016,West Brom,38,12,9,17,43,51,45,80,0,400,123,-8,31.6,23.7,44.7,1.13,1.34,30.8,10,False,False
2016/17,2016,West Ham,38,12,9,17,47,64,45,77,5,496,138,-17,31.6,23.7,44.7,1.24,1.68,27.8,11,False,False
2016/17,2016,Leicester,38,12,8,18,48,63,44,71,1,432,145,-15,31.6,21.1,47.4,1.26,1.66,33.6,12,False,False
2016/17,2016,Stoke,38,11,11,16,41,56,44,70,2,426,137,-15,28.9,28.9,42.1,1.08,1.47,32.2,13,False,False
2016/17,2016,Crystal Palace,38,12,5,21,50,63,41,77,0,438,138,-13,31.6,13.2,55.3,1.32,1.66,31.5,14,False,False
2016/17,2016,Swansea,38,12,5,21,45,70,41,56,0,390,146,-25,31.6,13.2,55.3,1.18,1.84,37.4,15,False,False
2016/17,2016,Burnley,38,11,7,20,39,55,40,65,2,390,120,-16,28.9,18.4,52.6,1.03,1.45,30.8,16,False,False
2016/17,2016,Watford,38,11,7,20,40,68,40,83,5,419,144,-28,28.9,18.4,52.6,1.05,1.79,34.4,17,False,False
2016/17,2016,Hull,38,9,7,22,37,80,34,67,5,396,127,-43,23.7,18.4,57.9,0.97,2.11,32.1,18,False,True
2016/17,2016,Middlesbrough,38,5,13,20,27,53,28,76,1,349,100,-26,13.2,34.2,52.6,0.71,1.39,28.7,19,False,True
2016/17,2016,Sunderland,38,6,6,26,29,69,24,76,4,387,121,-40,15.8,15.8,68.4,0.76,1.82,31.3,20,False,True
2017/18,2017,Man City,38,32,4,2,106,27,100,58,2,664,261,79,84.2,10.5,5.3,2.79,0.71,39.3,1,True,False
2017/18,2017,Man United,38,25,6,7,68,28,81,64,1,513,181,40,65.8,15.8,18.4,1.79,0.74,35.3,2,True,False
2017/18,2017,Tottenham,38,23,8,7,74,36,77,49,2,622,217,38,60.5,21.1,18.4,1.95,0.95,34.9,3,True,False
2017/18,2017,Liverpool,38,21,12,5,84,38,75,44,1,640,233,46,55.3,31.6,13.2,2.21,1.0,36.4,4,True,False
2017/18,2017,Chelsea,38,21,7,10,62,38,70,41,4,606,220,24,55.3,18.4,26.3,1.63,1.0,36.3,5,False,False
2017/18,2017,Arsenal,38,19,6,13,74,51,63,57,2,593,234,23,50.0,15.8,34.2,1.95,1.34,39.5,6,False,False
2017/18,2017,Burnley,38,14,12,12,36,39,54,65,0,379,127,-3,36.8,31.6,31.6,0.95,1.03,33.5,7,False,False
2017/18,2017,Everton,38,13,10,15,44,58,49,51,3,360,122,-14,34.2,26.3,39.5,1.16,1.53,33.9,8,False,False
2017/18,2017,Leicester,38,12,11,15,56,60,47,52,5,422,148,-4,31.6,28.9,39.5,1.47,1.58,35.1,9,False,False
2017/18,2017,Newcastle,38,12,8,18,39,47,44,52,2,449,150,-8,31.6,21.1,47.4,1.03,1.24,33.4,10,False,False
2017/18,2017,Crystal Palace,38,11,11,16,45,55,44,71,0,475,151,-10,28.9,28.9,42.1,1.18,1.45,31.8,11,False,False
2017/18,2017,Bournemouth,38,11,11,16,45,61,44,55,1,467,158,-16,28.9,28.9,42.1,1.18,1.61,33.8,12,False,False
2017/18,2017,West Ham,38,10,12,16,48,68,42,72,2,373,133,-20,26.3,31.6,42.1,1.26,1.79,35.7,13,False,False
2017/18,2017,Watford,38,11,8,19,44,64,41,63,4,440,132,-20,28.9,21.1,50.0,1.16,1.68,30.0,14,False,False
2017/18,2017,Brighton,38,9,13,16,34,54,40,54,2,383,118,-20,23.7,34.2,42.1,0.89,1.42,30.8,15,False,False
2017/18,2017,Huddersfield,38,9,10,19,28,58,37,61,3,360,111,-30,23.7,26.3,50.0,0.74,1.53,30.8,16,False,False
2017/18,2017,Southampton,38,7,15,16,37,56,36,63,2,451,145,-19,18.4,39.5,42.1,0.97,1.47,32.2,17,False,False
2017/18,2017,Swansea,38,8,9,21,28,56,33,51,1,336,104,-28,21.1,23.7,55.3,0.74,1.47,31.0,18,False,True
2017/18,2017,Stoke,38,7,12,19,35,68,33,62,1,382,131,-33,18.4,31.6,50.0,0.92,1.79,34.3,19,False,True
2017/18,2017,West Brom,38,6,13,19,31,56,31,72,1,375,114,-25,15.8,34.2,50.0,0.82,1.47,30.4,20,False,True
2018/19,2018,Man City,38,32,2,4,95,23,98,44,1,683,260,72,84.2,5.3,10.5,2.5,0.61,38.1,1,True,False
2018/19,2018,Liverpool,38,30,7,1,89,22,97,37,2,574,226,67,78.9,18.4,2.6,2.34,0.58,39.4,2,True,False
2018/19,2018,Chelsea,38,21,9,8,63,39,72,49,0,606,198,24,55.3,23.7,21.1,1.66,1.03,32.7,3,True,False
2018/19,2018,Tottenham,38,23,2,13,67,39,71,56,3,536,189,28,60.5,5.3,34.2,1.76,1.03,35.3,4,True,False
2018/19,2018,Arsenal,38,21,7,10,73,51,70,72,2,466,170,22,55.3,18.4,26.3,1.92,1.34,36.5,5,False,False
2018/19,2018,Man United,38,19,9,10,65,54,66,73,4,526,225,11,50.0,23.7,26.3,1.71,1.42,42.8,6,False,False
2018/19,2018,Wolves,38,16,9,13,47,46,57,72,1,474,151,1,42.1,23.7,34.2,1.24,1.21,31.9,7,False,False
2018/19,2018,Everton,38,15,9,14,54,46,54,55,4,495,169,8,39.5,23.7,36.8,1.42,1.21,34.1,8,False,False
2018/19,2018,Leicester,38,15,7,16,51,48,52,57,5,515,184,3,39.5,18.4,42.1,1.34,1.26,35.7,9,False,False
2018/19,2018,West Ham,38,15,7,16,52,55,52,59,1,441,157,-3,39.5,18.4,42.1,1.37,1.45,35.6,10,False,False
2018/19,2018,Watford,38,14,8,16,52,59,50,77,4,434,151,-7,36.8,21.1,42.1,1.37,1.55,34.8,11,False,False
2018/19,2018,Crystal Palace,38,14,7,17,51,53,49,58,2,491,146,-2,36.8,18.4,44.7,1.34,1.39,29.7,12,False,False
2018/19,2018,Newcastle,38,12,9,17,42,48,45,57,2,444,142,-6,31.6,23.7,44.7,1.11,1.26,32.0,13,False,False
2018/19,2018,Bournemouth,38,13,6,19,56,70,45,60,1,447,163,-14,34.2,15.8,50.0,1.47,1.84,36.5,14,False,False
2018/19,2018,Burnley,38,11,7,20,45,68,40,75,1,359,115,-23,28.9,18.4,52.6,1.18,1.79,32.0,15,False,False
2018/19,2018,Southampton,38,9,12,17,45,65,39,71,3,480,162,-20,23.7,31.6,44.7,1.18,1.71,33.8,16,False,False
2018/19,2018,Brighton,38,9,9,20,35,60,36,60,4,365,108,-25,23.7,23.7,52.6,0.92,1.58,29.6,17,False,False
2018/19,2018,Cardiff,38,10,4,24,34,69,34,65,1,417,126,-35,26.3,10.5,63.2,0.89,1.82,30.2,18,False,True
2018/19,2018,Fulham,38,7,5,26,34,81,26,68,2,453,149,-47,18.4,13.2,68.4,0.89,2.13,32.9,19,False,True
2018/19,2018,Huddersfield,38,3,7,28,22,76,16,55,4,400,118,-54,7.9,18.4,73.7,0.58,2.0,29.5,20,False,True
2019/20,2019,Liverpool,38,32,3,3,85,33,99,38,1,590,231,52,84.2,7.9,7.9,2.24,0.87,39.2,1,True,False
2019/20,2019,Man City,38,26,3,9,102,35,81,60,4,745,263,67,68.4,7.9,23.7,2.68,0.92,35.3,2,True,False
2019/20,2019,Man United,38,18,12,8,66,36,66,72,0,543,216,30,47.4,31.6,21.1,1.74,0.95,39.8,3,True,False
2019/20,2019,Chelsea,38,20,6,12,69,54,66,60,0,625,223,15,52.6,15.8,31.6,1.82,1.42,35.7,4,True,False
2019/20,2019,Leicester,38,18,8,12,67,41,62,41,3,537,190,26,47.4,21.1,31.6,1.76,1.08,35.4,5,False,False
2019/20,2019,Tottenham,38,16,11,11,61,47,59,82,3,445,160,14,42.1,28.9,28.9,1.61,1.24,36.0,6,False,False
2019/20,2019,Wolves,38,15,14,9,51,40,59,57,2,459,145,11,39.5,36.8,23.7,1.34,1.05,31.6,7,False,False
2019/20,2019,Arsenal,38,14,14,10,56,48,56,86,5,410,151,8,36.8,36.8,26.3,1.47,1.26,36.8,8,False,False
2019/20,2019,Sheffield United,38,14,12,12,39,39,54,61,2,354,115,0,36.8,31.6,31.6,1.03,1.03,32.5,9,False,False
2019/20,2019,Burnley,38,15,9,14,43,50,54,67,0,388,134,-7,39.5,23.7,36.8,1.13,1.32,34.5,10,False,False
2019/20,2019,Southampton,38,15,7,16,51,60,52,53,4,500,181,-9,39.5,18.4,42.1,1.34,1.58,36.2,11,False,False
2019/20,2019,Everton,38,13,10,15,44,56,49,70,3,470,162,-12,34.2,26.3,39.5,1.16,1.47,34.5,12,False,False
2019/20,2019,Newcastle,38,11,11,16,38,58,44,65,3,395,131,-20,28.9,28.9,42.1,1.0,1.53,33.2,13,False,False
2019/20,2019,Crystal Palace,38,11,10,17,31,50,43,61,2,376,120,-19,28.9,26.3,44.7,0.82,1.32,31.9,14,False,False
2019/20,2019,Brighton,38,9,14,15,39,54,41,56,2,461,142,-15,23.7,36.8,39.5,1.03,1.42,30.8,15,False,False
2019/20,2019,West Ham,38,10,9,19,49,62,39,62,1,417,163,-13,26.3,23.7,50.0,1.29,1.63,39.1,16,False,False
2019/20,2019,Aston Villa,38,9,8,21,41,67,35,68,1,459,150,-26,23.7,21.1,55.3,1.08,1.76,32.7,17,False,False
2019/20,2019,Bournemouth,38,9,7,22,40,65,34,73,3,389,121,-25,23.7,18.4,57.9,1.05,1.71,31.1,18,False,True
2019/20,2019,Watford,38,8,10,20,36,64,34,75,3,424,120,-28,21.1,26.3,52.6,0.95,1.68,28.3,19,False,True
2019/20,2019,Norwich,38,5,6,27,26,75,21,67,3,408,131,-49,13.2,15.8,71.1,0.68,1.97,32.1,20,False,True
2020/21,2020,Man City,38,27,5,6,83,32,86,46,2,604,219,51,71.1,13.2,15.8,2.18,0.84,36.3,1,True,False
2020/21,2020,Man United,38,21,11,6,73,44,74,64,1,521,212,29,55.3,28.9,15.8,1.92,1.16,40.7,2,True,False
2020/21,2020,Liverpool,38,20,9,9,68,42,69,40,0,608,214,26,52.6,23.7,23.7,1.79,1.11,35.2,3,True,False
2020/21,2020,Chelsea,38,19,10,9,58,36,67,48,3,558,209,22,50.0,26.3,23.7,1.53,0.95,37.5,4,True,False
2020/21,2020,Leicester,38,20,6,12,68,50,66,60,0,484,185,18,52.6,15.8,31.6,1.79,1.32,38.2,5,False,False
2020/21,2020,West Ham,38,19,8,11,62,47,65,48,3,468,165,15,50.0,21.1,28.9,1.63,1.24,35.3,6,False,False
2020/21,2020,Tottenham,38,18,8,12,68,45,62,53,2,444,176,23,47.4,21.1,31.6,1.79,1.18,39.6,7,False,False
2020/21,2020,Arsenal,38,18,7,13,55,39,61,47,5,459,152,16,47.4,18.4,34.2,1.45,1.03,33.1,8,False,False
2020/21,2020,Leeds,38,18,5,15,62,54,59,61,1,522,199,8,47.4,13.2,39.5,1.63,1.42,38.1,9,False,False
2020/21,2020,Everton,38,17,8,13,47,48,59,58,2,400,148,-1,44.7,21.1,34.2,1.24,1.26,37.0,10,False,False
2020/21,2020,Aston Villa,38,16,7,15,55,46,55,63,3,511,187,9,42.1,18.4,39.5,1.45,1.21,36.6,11,False,False
2020/21,2020,Newcastle,38,12,9,17,46,62,45,61,3,397,142,-16,31.6,23.7,44.7,1.21,1.63,35.8,12,False,False
2020/21,2020,Wolves,38,12,9,17,36,52,45,53,0,462,154,-16,31.6,23.7,44.7,0.95,1.37,33.3,13,False,False
2020/21,2020,Crystal Palace,38,12,8,18,41,66,44,54,2,349,131,-25,31.6,21.1,47.4,1.08,1.74,37.5,14,False,False
2020/21,2020,Southampton,38,12,7,19,47,68,43,52,3,423,166,-21,31.6,18.4,50.0,1.24,1.79,39.2,15,False,False
2020/21,2020,Brighton,38,9,14,15,40,46,41,45,6,487,143,-6,23.7,36.8,39.5,1.05,1.21,29.4,16,False,False
2020/21,2020,Burnley,38,10,9,19,33,55,39,48,0,384,130,-22,26.3,23.7,50.0,0.87,1.45,33.9,17,False,False
2020/21,2020,Fulham,38,5,13,20,27,53,28,66,3,442,136,-26,13.2,34.2,52.6,0.71,1.39,30.8,18,False,True
2020/21,2020,West Brom,38,5,11,22,35,76,26,51,4,340,112,-41,13.2,28.9,57.9,0.92,2.0,32.9,19,False,True
2020/21,2020,Sheffield United,38,7,2,29,20,63,23,73,3,325,99,-43,18.4,5.3,76.3,0.53,1.66,30.5,20,False,True
2021/22,2021,Man City,38,29,6,3,99,26,93,42,1,715,254,73,76.3,15.8,7.9,2.61,0.68,35.5,1,True,False
2021/22,2021,Liverpool,38,28,8,2,94,26,92,50,1,730,256,68,73.7,21.1,5.3,2.47,0.68,35.1,2,True,False
2021/22,2021,Chelsea,38,21,11,6,76,33,74,63,1,592,211,43,55.3,28.9,15.8,2.0,0.87,35.6,3,True,False
2021/22,2021,Tottenham,38,22,5,11,69,40,71,67,1,491,198,29,57.9,13.2,28.9,1.82,1.05,40.3,4,True,False
2021/22,2021,Arsenal,38,22,3,13,61,48,69,60,4,588,197,13,57.9,7.9,34.2,1.61,1.26,33.5,5,False,False
2021/22,2021,Man United,38,16,10,12,57,57,58,75,2,508,187,0,42.1,26.3,31.6,1.5,1.5,36.8,6,False,False
2021/22,2021,West Ham,38,16,8,14,60,51,56,47,3,433,158,9,42.1,21.1,36.8,1.58,1.34,36.5,7,False,False
2021/22,2021,Leicester,38,14,10,14,62,59,52,54,1,435,169,3,36.8,26.3,36.8,1.63,1.55,38.9,8,False,False
2021/22,2021,Brighton,38,12,15,11,42,44,51,71,2,490,152,-2,31.6,39.5,28.9,1.11,1.16,31.0,9,False,False
2021/22,2021,Wolves,38,15,6,17,38,43,51,59,2,402,136,-5,39.5,15.8,44.7,1.0,1.13,33.8,10,False,False
2021/22,2021,Newcastle,38,13,10,15,44,62,49,79,1,448,148,-18,34.2,26.3,39.5,1.16,1.63,33.0,11,False,False
2021/22,2021,Crystal Palace,38,11,15,12,50,46,48,67,1,412,147,4,28.9,39.5,31.6,1.32,1.21,35.7,12,False,False
2021/22,2021,Brentford,38,13,7,18,48,56,46,61,3,442,154,-8,34.2,18.4,47.4,1.26,1.47,34.8,13,False,False
2021/22,2021,Aston Villa,38,13,6,19,52,54,45,77,2,454,162,-2,34.2,15.8,50.0,1.37,1.42,35.7,14,False,False
2021/22,2021,Southampton,38,9,13,16,43,67,40,63,2,482,170,-24,23.7,34.2,42.1,1.13,1.76,35.3,15,False,False
2021/22,2021,Everton,38,11,6,21,43,66,39,76,6,438,138,-23,28.9,15.8,55.3,1.13,1.74,31.5,16,False,False
2021/22,2021,Leeds,38,9,11,18,42,79,38,100,3,485,154,-37,23.7,28.9,47.4,1.11,2.08,31.8,17,False,False
2021/22,2021,Burnley,38,7,14,17,34,53,35,68,2,407,125,-19,18.4,36.8,44.7,0.89,1.39,30.7,18,False,True
2021/22,2021,Watford,38,6,5,27,34,77,23,57,3,396,127,-43,15.8,13.2,71.1,0.89,2.03,32.1,19,False,True
2021/22,2021,Norwich,38,5,7,26,23,84,22,55,2,374,109,-61,13.2,18.4,68.4,0.61,2.21,29.1,20,False,True
2022/23,2022,Man City,38,28,5,5,94,33,89,43,1,603,219,61,73.7,13.2,13.2,2.47,0.87,36.3,1,True,False
2022/23,2022,Arsenal,38,26,6,6,88,43,84,51,0,593,204,45,68.4,15.8,15.8,2.32,1.13,34.4,2,True,False
2022/23,2022,Man United,38,23,6,9,58,43,75,78,1,592,214,15,60.5,15.8,23.7,1.53,1.13,36.1,3,True,False
2022/23,2022,Newcastle,38,19,14,5,68,33,71,57,1,571,197,35,50.0,36.8,13.2,1.79,0.87,34.5,4,True,False
2022/23,2022,Liverpool,38,19,10,9,75,47,67,57,1,605,212,28,50.0,26.3,23.7,1.97,1.24,35.0,5,False,False
2022/23,2022,Brighton,38,18,8,12,72,53,62,59,0,612,231,19,47.4,21.1,31.6,1.89,1.39,37.7,6,False,False
2022/23,2022,Aston Villa,38,18,7,13,51,46,61,80,1,431,151,5,47.4,18.4,34.2,1.34,1.21,35.0,7,False,False
2022/23,2022,Tottenham,38,18,6,14,70,63,60,75,3,520,200,7,47.4,15.8,36.8,1.84,1.66,38.5,8,False,False
2022/23,2022,Brentford,38,15,14,9,58,46,59,55,1,397,162,12,39.5,36.8,23.7,1.53,1.21,40.8,9,False,False
2022/23,2022,Fulham,38,15,7,16,55,53,52,80,1,429,149,2,39.5,18.4,42.1,1.45,1.39,34.7,10,False,False
2022/23,2022,Crystal Palace,38,11,12,15,40,49,45,78,3,425,136,-9,28.9,31.6,39.5,1.05,1.29,32.0,11,False,False
2022/23,2022,Chelsea,38,11,11,16,38,47,44,77,3,484,158,-9,28.9,28.9,42.1,1.0,1.24,32.6,12,False,False
2022/23,2022,Wolves,38,11,8,19,31,58,41,83,5,413,125,-27,28.9,21.1,50.0,0.82,1.53,30.3,13,False,False
2022/23,2022,West Ham,38,11,7,20,42,55,40,44,0,474,145,-13,28.9,18.4,52.6,1.11,1.45,30.6,14,False,False
2022/23,2022,Bournemouth,38,11,6,21,37,71,39,68,0,355,133,-34,28.9,15.8,55.3,0.97,1.87,37.5,15,False,False
2022/23,2022,Nott'm Forest,38,9,11,18,38,68,38,84,0,368,118,-30,23.7,28.9,47.4,1.0,1.79,32.1,16,False,False
2022/23,2022,Everton,38,8,12,18,34,57,36,79,2,429,152,-23,21.1,31.6,47.4,0.89,1.5,35.4,17,False,False
2022/23,2022,Leicester,38,9,7,22,51,68,34,58,2,417,152,-17,23.7,18.4,57.9,1.34,1.79,36.5,18,False,True
2022/23,2022,Leeds,38,7,10,21,48,78,31,84,3,465,145,-30,18.4,26.3,55.3,1.26,2.05,31.2,19,False,True
2022/23,2022,Southampton,38,6,7,25,36,73,25,73,0,417,142,-37,15.8,18.4,65.8,0.95,1.92,34.1,20,False,True
2023/24,2023,Man City,38,28,7,3,96,34,91,51,2,690,278,62,73.7,18.4,7.9,2.53,0.89,40.3,1,True,False
2023/24,2023,Arsenal,38,28,5,5,91,29,89,62,2,657,227,62,73.7,13.2,13.2,2.39,0.76,34.6,2,True,False
2023/24,2023,Liverpool,38,24,10,4,86,41,82,65,5,790,277,45,63.2,26.3,10.5,2.26,1.08,35.1,3,True,False
2023/24,2023,Aston Villa,38,20,8,10,76,61,68,94,2,514,190,15,52.6,21.1,26.3,2.0,1.61,37.0,4,True,False
2023/24,2023,Tottenham,38,20,6,12,74,61,66,88,4,582,214,13,52.6,15.8,31.6,1.95,1.61,36.8,5,False,False
2023/24,2023,Chelsea,38,18,9,11,77,63,63,104,3,548,215,14,47.4,23.7,28.9,2.03,1.66,39.2,6,False,False
2023/24,2023,Newcastle,38,18,6,14,85,62,60,76,1,551,213,23,47.4,15.8,36.8,2.24,1.63,38.7,7,False,False
2023/24,2023,Man United,38,18,6,14,57,58,60,80,1,550,193,-1,47.4,15.8,36.8,1.5,1.53,35.1,8,False,False
2023/24,2023,West Ham,38,14,10,14,60,74,52,76,3,450,150,-14,36.8,26.3,36.8,1.58,1.95,33.3,9,False,False
2023/24,2023,Crystal Palace,38,13,10,15,57,58,49,69,2,456,169,-1,34.2,26.3,39.5,1.5,1.53,37.1,10,False,False
2023/24,2023,Brighton,38,12,12,14,55,62,48,89,3,562,208,-7,31.6,31.6,36.8,1.45,1.63,37.0,11,False,False
2023/24,2023,Everton,38,13,9,16,40,51,48,79,1,507,162,-11,34.2,23.7,42.1,1.05,1.34,32.0,12,False,False
2023/24,2023,Bournemouth,38,13,9,16,54,67,48,80,3,542,185,-13,34.2,23.7,42.1,1.42,1.76,34.1,13,False,False
2023/24,2023,Fulham,38,13,8,17,55,61,47,77,4,500,178,-6,34.2,21.1,44.7,1.45,1.61,35.6,14,False,False
2023/24,2023,Wolves,38,13,7,18,50,65,46,98,4,427,159,-15,34.2,18.4,47.4,1.32,1.71,37.2,15,False,False
2023/24,2023,Brentford,38,10,9,19,56,65,39,88,2,473,172,-9,26.3,23.7,50.0,1.47,1.71,36.4,16,False,False
2023/24,2023,Nott'm Forest,38,9,9,20,49,67,36,75,3,451,148,-18,23.7,23.7,52.6,1.29,1.76,32.8,17,False,False
2023/24,2023,Luton,38,6,8,24,52,85,26,71,0,431,141,-33,15.8,21.1,63.2,1.37,2.24,32.7,18,False,True
2023/24,2023,Burnley,38,5,9,24,41,78,24,71,7,433,142,-37,13.2,23.7,63.2,1.08,2.05,32.8,19,False,True
2023/24,2023,Sheffield United,38,3,7,28,35,104,16,93,5,368,129,-69,7.9,18.4,73.7,0.92,2.74,35.1,20,False,True
2024/25,2024,Liverpool,35,25,7,3,81,35,82,62,2,602,218,46,71.4,20.0,8.6,2.31,1.0,36.2,1,True,False
2024/25,2024,Arsenal,35,18,13,4,64,31,67,60,5,497,169,33,51.4,37.1,11.4,1.83,0.89,34.0,2,True,False
2024/25,2024,Man City,35,19,7,9,67,43,64,56,1,549,202,24,54.3,20.0,25.7,1.91,1.23,36.8,3,True,False
2024/25,2024,Newcastle,35,19,6,10,66,45,63,60,1,478,157,21,54.3,17.1,28.6,1.89,1.29,32.8,4,True,False
2024/25,2024,Chelsea,35,18,9,8,62,41,63,93,1,568,210,21,51.4,25.7,22.9,1.77,1.17,37.0,5,False,False
2024/25,2024,Nott'm Forest,35,18,7,10,54,42,61,77,2,428,155,12,51.4,20.0,28.6,1.54,1.2,36.2,6,False,False
2024/25,2024,Aston Villa,35,17,9,9,55,49,60,66,2,454,159,6,48.6,25.7,25.7,1.57,1.4,35.0,7,False,False
2024/25,2024,Bournemouth,35,14,11,10,55,42,53,90,2,542,189,13,40.0,31.4,28.6,1.57,1.2,34.9,8,False,False
2024/25,2024,Brentford,35,15,7,13,62,53,52,53,1,402,166,9,42.9,20.0,37.1,1.77,1.51,41.3,9,False,False
2024/25,2024,Brighton,35,13,13,9,57,56,52,69,3,478,169,1,37.1,37.1,25.7,1.63,1.6,35.4,10,False,False
2024/25,2024,Fulham,35,14,9,12,50,47,51,75,2,474,157,3,40.0,25.7,34.3,1.43,1.34,33.1,11,False,False
2024/25,2024,Crystal Palace,35,11,13,11,44,48,46,73,4,471,161,-4,31.4,37.1,31.4,1.26,1.37,34.2,12,False,False
2024/25,2024,Wolves,35,12,5,18,51,62,41,69,2,391,148,-11,34.3,14.3,51.4,1.46,1.77,37.9,13,False,False
2024/25,2024,Everton,35,8,15,12,36,43,39,75,2,367,126,-7,22.9,42.9,34.3,1.03,1.23,34.3,14,False,False
2024/25,2024,Man United,35,10,9,16,42,51,39,75,3,478,158,-9,28.6,25.7,45.7,1.2,1.46,33.1,15,False,False
2024/25,2024,Tottenham,35,11,5,19,63,57,38,64,1,482,181,6,31.4,14.3,54.3,1.8,1.63,37.6,16,False,False
2024/25,2024,West Ham,35,9,10,16,40,59,37,70,3,441,131,-19,25.7,28.6,45.7,1.14,1.69,29.7,17,False,False
2024/25,2024,Ipswich,35,4,10,21,35,76,22,81,5,331,117,-41,11.4,28.6,60.0,1.0,2.17,35.3,18,False,True
2024/25,2024,Leicester,35,5,6,24,29,76,21,81,0,313,102,-47,14.3,17.1,68.6,0.83,2.17,32.6,19,False,True
2024/25,2024,Southampton,35,2,5,28,25,82,11,86,3,328,107,-57,5.7,14.3,80.0,0.71,2.34,32.6,20,False,True
